{
  "keep_float": {
    "artifact_bytes": 16263292,
    "val_bpb": 2.397495073362189,
    "payload_bytes": 27682080
  },
  "plain_quant": {
    "artifact_bytes": 14813572,
    "val_bpb": 2.3978906305155037,
    "payload_bytes": 26634528
  },
  "target_tensor": "blocks.0.mlp.proj.weight",
  "sidecar_dtype": "float32",
  "residual_relative_norm": 0.09418993676386687,
  "rows": [
    {
      "rank": 32,
      "artifact_bytes": 15116588,
      "artifact_delta_vs_keepf": -1146704,
      "artifact_delta_vs_plain": 303016,
      "bytes_over_cap": -883412,
      "val_bpb": 2.3977562040064235,
      "bpb_delta_vs_keepf": 0.0002611306442346084,
      "bpb_delta_vs_plain": -0.0001344265090801322,
      "sidecar_raw_bytes": 327680,
      "sidecar_dtype": "float32",
      "payload_bytes": 26962208
    },
    {
      "rank": 48,
      "artifact_bytes": 15268148,
      "artifact_delta_vs_keepf": -995144,
      "artifact_delta_vs_plain": 454576,
      "bytes_over_cap": -731852,
      "val_bpb": 2.397791240702939,
      "bpb_delta_vs_keepf": 0.00029616734075021967,
      "bpb_delta_vs_plain": -9.938981256452095e-05,
      "sidecar_raw_bytes": 491520,
      "sidecar_dtype": "float32",
      "payload_bytes": 27126048
    },
    {
      "rank": 64,
      "artifact_bytes": 15419224,
      "artifact_delta_vs_keepf": -844068,
      "artifact_delta_vs_plain": 605652,
      "bytes_over_cap": -580776,
      "val_bpb": 2.397733036884646,
      "bpb_delta_vs_keepf": 0.00023796352245719632,
      "bpb_delta_vs_plain": -0.0001575936308575443,
      "sidecar_raw_bytes": 655360,
      "sidecar_dtype": "float32",
      "payload_bytes": 27289888
    }
  ]
}
